# Compound_CID,SMILES
6442025,CC[C@@H]1[C@H]2CC(=C(N2C1=O)C(=O)O)S/C=C/NC(=O)C
9690107,C1C=C(N2[C@H](S1)[C@@H](C2=O)NC(=O)/C(=N\OCC(=O)O)/C3=CSC=N3)C(=O)O
9577432,CC1=NC2=NC(=NN2C(=C1)SCC3=C(N4[C@@H]([C@@H](C4=O)NC(=O)/C(=N/O[C@@H](C5=CC(=C(C=C5)O)O)C(=O)[O-])/C6=CN=C(S6)N)SC3)C(=O)[O-])C(=O)[O-].[Na+].[Na+].[Na+]
9578317,C[C@@H]([C@H]1[C@H]2CC(=C(N2C1=O)C(=O)O)[S@](=O)/C=C/NC(=O)C)O
3037852,C/C(=C\1/[C@H]2CC(=C(N2C1=O)C(=O)O)SCCNC(=O)C)/CO
54486399,CC1=NN(N=N1)CC2=C(N3C(C(C3=O)NC(=O)C(=NOC)C4=CSC(=N4)N)SC2)C(=O)O
2650,CC(C)(C(=O)O)ON=C(C1=CSC(=N1)N)C(=O)NC2C3N(C2=O)C(=C(CS3)C[N+]4=CC=CC=C4)C(=O)[O-]
23670895,C1C(=C(N2[C@H](S1)[C@@H](C2=O)NC(=O)/C(=N/O[C@@H](C3=CC(=C(C=C3)O)O)C(=O)O)/C4=CSC(=N4)N)C(=O)[O-])/C=C/CN5C=NC(=CC5=N)N.[Na+]
194965,C[C@H]([C@H]1[C@H]2CC(=C(N2C1=O)C(=O)O)SCC(=NC)N(C)C)F
6450471,CC([C@H]1[C@H]2CC(=C(N2C1=O)C(=O)O)S/C=C/NC(=O)C)OS(=O)(=O)O
656644,C1C(=C(N2[C@H](S1)[C@@H](C2=O)NC(=O)[C@@H](C3=CC=CC=C3)S(=O)(=O)[O-])C(=O)[O-])C[N+]4=CC=C(C=C4)C(=O)N.[Na+]
6537446,CO/N=C(/C1=NSC(=N1)N)\C(=O)N[C@H]2[C@@H]3N(C2=O)C(=C(CS3)C[N+]45CCC(CC4)(CC5)C(=O)N)C(=O)[O-]
441130,C[C@@H]1[C@@H]2[C@H](C(=O)N2C(=C1S[C@H]3C[C@H](NC3)C(=O)N(C)C)C(=O)O)[C@@H](C)O
5284529,COC1=C(N2[C@@H]([C@@H](C2=O)NC(=O)[C@@H](C3=CCC=CC3)N)SC1)C(=O)O
5742832,C[C@H]1[C@@H](C(=O)N1S(=O)(=O)O)NC(=O)/C(=N\OC(C)(C)C(=O)O)/C2=CSC(=N2)N
30699,CC(=O)OCC1=C(N2[C@@H]([C@@H](C2=O)NC(=O)CSC3=CC=NC=C3)SC1)C(=O)O
5362114,CC1=NN(N=N1)CC2=C(N3[C@@H]([C@@H](C3=O)NC(=O)/C(=N\OC)/C4=CSC(=N4)N)SC2)C(=O)OCOC(=O)C(C)(C)C
6249,CC1([C@@H](N2[C@H](S1)[C@@H](C2=O)NC(=O)[C@@H](C3=CC=CC=C3)N)C(=O)O)C
5282372,C[C@H]([C@@H]1[C@H]2CC(=C(N2C1=O)C(=O)O)SCCN=CN)O.O
6536774,CC[N+](C)(C/C=C/C1=C(N2[C@@H]([C@@H](C2=O)NC(=O)/C(=N\OCF)/C3=NSC(=N3)N)SC1)C(=O)[O-])CC(=O)N
5282242,C1C=C(N2[C@H](S1)[C@@H](C2=O)NC(=O)/C(=C\CC(=O)O)/C3=CSC(=N3)N)C(=O)O
23675743,CC1=C(C(=NO1)C2=CC=CC=C2Cl)C(=O)N[C@H]3[C@@H]4N(C3=O)[C@H](C(S4)(C)C)C(=O)[O-].O.[Na+]
6410758,C1C(=C(N2[C@H](S1)[C@@H](C2=O)NC(=O)[C@@H](C3=CC=C(C=C3)O)N)C(=O)O)CSC4=NNN=C4
5487888,CC1=C(N2[C@@H]([C@@H](C2=O)NC(=O)/C(=N\OC)/C3=CSC(=N3)N)SC1)C(=O)O
9809656,C[C@@H]1[C@@H]2[C@H](C(=O)N2C(=C1S[C@H]3C[C@H](N(C3)C)C(=O)N4CC[C@@H](C4)NC(=O)CN=C(N)N)C(=O)O)[C@@H](C)O
441242,CN1C(=NN=N1)SCC2=C(N3[C@@H]([C@@](C3=O)(NC(=O)C(C4=CC=C(C=C4)O)C(=O)[O-])OC)OC2)C(=O)[O-].[Na+].[Na+]
9571075,C[N+]1(CCCC1)CC2=C(N3[C@@H]([C@@H](C3=O)NC(=O)/C(=N\OC)/C4=CSC(=N4)N)SC2)C(=O)O.O.Cl.[Cl-]
23663969,CC1=CC(=O)C(=CN1)C(=O)N[C@H](C2=CC=C(C=C2)O)C(=O)N[C@H]3[C@@H]4N(C3=O)C(=C(CS4)CSC5=NN=NN5C)C(=O)[O-].[Na+]
135413542,C1CNC[C@@H]1N2CC/C(=C\C3=C(N4[C@@H]([C@@H](C4=O)NC(=O)/C(=N\O)/C5=NSC(=N5)N)SC3)C(=O)O)/C2=O
135398736,C[C@H]1[C@@H](C(=O)N1S(=O)(=O)[O-])NC(=O)/C(=N\OC(C)(C)C(=O)O)/C2=CSC(=[NH+]2)N
23663397,CN1C(=NN=N1)SCC2=C(N3[C@@H]([C@@](C3=O)(NC(=O)CSC[C@H](C(=O)O)N)OC)SC2)C(=O)[O-].[Na+]
23667300,CO[C@@]1([C@@H]2N(C1=O)C(=C(CS2)COC(=O)N)C(=O)[O-])NC(=O)CC3=CC=CS3.[Na+]
23675312,CC(=O)OCC1=C(N2[C@@H]([C@@H](C2=O)NC(=O)CSC3=CC=NC=C3)SC1)C(=O)[O-].[Na+]
17756656,C[C@H]([C@@H]1[C@H]2CC(=C(N2C1=O)C(=O)O)SCCN=CN)O.CC1(C[C@@H]1C(=O)N/C(=C\CCCCSC[C@@H](C(=O)O)N)/C(=O)O)C
25058126,C=C1CS[C@@H](N=C1C(=O)O)[C@@H](C(=O)O)NC(=O)CCCC[C@H](C(=O)O)N
62921,CC1=C(N2[C@@H]([C@@H](C2=O)NC(=O)[C@@H](C3=CC=CC=C3)N)SC1)C(=O)O.O
441084,CO[C@@]1([C@@H]2N(C1=O)C(=C(CS2)COC(=O)N)C(=O)O)NC(=O)CCC[C@H](C(=O)O)N
11953962,C[C@@H]([C@H]1[C@H]2CC(=C(N2C1=O)C(=O)O)S/C=C/NC(=O)C)OS(=O)(=O)O
9908721,C[C@H](C(=O)N[C@]1(CN(C1=O)S(=O)(=O)O)OC)NC(=O)CC[C@H](C(=O)O)N
9578204,CC(=O)N/C=C/[S@@](=O)C1=C(N2[C@H](C1)[C@@H](C2=O)C(C)(C)O)C(=O)O
9578310,CC(=O)N/C=C/[S@@](=O)C1=C(N2[C@H](C1)[C@@H](C2=O)C(C)(C)OS(=O)(=O)O)C(=O)O
5280980,C1[C@@H]2N(C1=O)[C@H](/C(=C/CO)/O2)C(=O)O
130313,CC1([C@@H](N2[C@H](S1(=O)=O)CC2=O)C(=O)O)C
5464257,CC1=NN(N=N1)CC2=C(N3[C@@H]([C@@H](C3=O)NC(=O)/C(=N/OC)/C4=CSC(=N4)N)SC2)C(=O)O
441133,C1C=C(N2[C@H]1CC2=O)C(=O)O
18469536,CC(=O)OCC1=C(N2C(C(C2=O)NC(=O)CSC3=CC=NC=C3)SC1)C(=O)O.[Na+]
6602341,CC1([C@@H](N2[C@H](S1)[C@@H](C2=O)NC(=O)[C@@H](C3=CC=CC=C3)NC(=O)C4=CNC5=C(C4=O)N=CC=C5)C(=O)O)C
441328,CC(=O)OCC1=C(N2[C@@H]([C@@H](C2=O)N)SC1)C(=O)O
5378293,[C-]#[N+]/C(=C\C1=CC=C(C=C1)O)/C(=C/C2=CC=C(C=C2)O)/[N+]#[C-]
133928,CC(C1C2CC(=C(N2C1=O)C(=O)O)SCCNC(=O)CCNC(=O)C(C(C)(C)CO)O)O
128473,CC[C@@H]1[C@H]2CC(=C(N2C1=O)C(=O)O)SCCNC(=O)CCNC(=O)[C@@H](C(C)(C)CO)O
23665637,CC1([C@@H](N2[C@H](S1)[C@@H](C2=O)NC(=O)[C@@H](C3=CC=C(C=C3)O)N)C(=O)O)C.C1[C@@H]2N(C1=O)[C@H](/C(=C/CO)/O2)C(=O)[O-].[K+]
23685177,CC1([C@@H](N2[C@H](S1)[C@@H](C2=O)NC(=O)[C@@H](C3=CC=CC=C3)NC(=O)N4CCN(C4=O)S(=O)(=O)C)C(=O)[O-])C.[Na+]
11583399,CC1([C@@H](N2[C@H](S1)[C@@](C2=O)(NC(=O)C(C3=CSC=C3)C(=O)[O-])OC)C(=O)[O-])C.[Na+].[Na+]
198349,CC1([C@@H](N2[C@H](S1)[C@@H](C2=O)NC(=O)CSC[C@H](C(=O)O)N)C(=O)O)C
23670298,C1[C@@H]2N(C1=O)[C@H](/C(=C/CO)/O2)C(=O)[O-].[Na+]
198211,CC1=NN=C(S1)SCC2=C(N3C(C(C3=O)NC(=O)CN=C(CC4=CC=CC=C4)N)SC2)C(=O)O
9577843,CC(=O)NCC[S@@](=O)C1=C(N2[C@H](C1)[C@@H](C2=O)C(C)(C)OS(=O)(=O)O)C(=O)O
160139,CC1=C(N2[C@@H]([C@@H](C2=O)NC(=O)CCC[C@H](C(=O)O)N)SC1)C(=O)O
163788,C1C(=C(N2[C@@H](S1)[C@H](C2=O)NC(=O)C(C3=CSC(=N3)N)NC(=O)C4=CC(=O)C(=CN4O)O)C(=O)[O-])CSC5=CC=[N+](C=C5)CCO
133916,CC(C1C2CC(=C(N2C1=O)C(=O)O)SCCNC(=O)CCNC(=O)C(C(C)(C)CO)O)OS(=O)(=O)O
134991,CC(C)(CO)C(C(=O)NCCC(=O)NCCS[C@H]1C[C@@H]2[C@@H](C(=O)N2[C@H]1C(=O)O)C(C)(C)O)O
134990,CC([C@@H]1[C@H]2C[C@@H]([C@@H](N2C1=O)C(=O)O)SCCNC(=O)CCNC(=O)[C@H](C(C)(C)CO)O)O
137343,CC(=O)NCCS(=O)C1=C(N2[C@H](C1)[C@H](C2=O)C(C)(C)O)C(=O)O
170580,CC(=O)OCC1=C(N2[C@@H]([C@@](C2=O)(NC(=O)CCC[C@H](C(=O)O)N)OC)SC1)C(=O)O
194116,C1C(=C(N2[C@H](S1)[C@@H](C2=O)NC(=O)CCC[C@H](C(=O)O)N)C(=O)O)COC(=O)N
194622,CC[C@@H]1[C@H]2CC(=C(N2C1=O)C(=O)O)SCCN
196445,CC[C@@H]1[C@H]2CC(=C(N2C1=O)C(=O)O)SCCNC(=O)C
5362065,C=CC1=C(N2[C@@H]([C@@H](C2=O)NC(=O)/C(=N\OCC(=O)O)/C3=CSC(=N3)N)SC1)C(=O)O
165411832,[H+].CN1C(=NN=N1)SCC2=C(N3[C@@H]([C@@](C3=O)(NC(=O)CSC[C@H](C(=O)[O-])N)OC)SC2)C(=O)[O-].[Na+]
5742673,CC(=O)OCC1=C(N2[C@@H]([C@@H](C2=O)NC(=O)/C(=N\OC)/C3=CSC(=N3)N)SC1)C(=O)O
5479529,CO/N=C(/C1=CC=CO1)\C(=O)N[C@H]2[C@@H]3N(C2=O)C(=C(CS3)COC(=O)N)C(=O)O
9570757,CN1C(=NN=N1)SCC2=C(N3[C@@H]([C@@H](C3=O)NC(=O)/C(=N\OC)/C4=CSC(=N4)N)SC2)C(=O)O
53234134,CC(C)(C(=O)O)O/N=C(/C1=NSC(=N1)N)\C(=O)N[C@H]2[C@@H]3N(C2=O)C(=C(CS3)C[N+]4=CC(=C(N4C)N)NC(=O)NCCN)C(=O)[O-]
11954008,CO/N=C(/C1=CSC(=N1)N)\C(=O)N[C@H]2[C@@H]3N(C2=O)C(=C(CS3)C[N+]4=CC=CC5=C4CCC5)C(=O)[O-].OS(=O)(=O)O
6335986,COCC1=C(N2[C@@H]([C@@H](C2=O)NC(=O)/C(=N\OC)/C3=CSC(=N3)N)SC1)C(=O)O
15574941,CC1([C@@H](N2[C@H](S1)[C@@H](C2=O)NC(=O)[C@@H](C3=CC=CC=C3)N=[N+]=[N-])C(=O)O)C
656511,CC1([C@@H](N2[C@H](S1)[C@@H](C2=O)NC(=O)[C@@H](C3=CC=CC=C3)NC(=O)N4CCN(C4=O)S(=O)(=O)C)C(=O)O)C
20055036,CC1([C@@H](N2[C@H](S1)[C@@H](C2=O)NC(=O)[C@@H](C3=CC=CC=C3)S(=O)(=O)O)C(=O)O)C
33613,CC1([C@@H](N2[C@H](S1)[C@@H](C2=O)NC(=O)[C@@H](C3=CC=C(C=C3)O)N)C(=O)O)C
33478,CC1([C@@H](N2[C@H](S1)[C@@H](C2=O)NC(=O)[C@@H](C3=CC=CC=C3)N)C(=O)OCOC(=O)C(C)(C)C)C
36273,CC1([C@@H](N2[C@H](S1)[C@@H](C2=O)N=CN3CCCCCC3)C(=O)O)C
38103,CC1=C(N2[C@@H]([C@@H](C2=O)NC(=O)[C@@H](C3=CCC=CC3)N)SC1)C(=O)O
656575,C1C(=C(N2[C@H](S1)[C@@H](C2=O)NC(=O)[C@@H](C3=CC=CC=C3)S(=O)(=O)O)C(=O)[O-])C[N+]4=CC=C(C=C4)C(=O)N
9852176,CC1=C(SC(=N1)SCC2=C(N3[C@@H]([C@@H](C3=O)NC(=O)/C(=N\OC)/C4=CSC(=N4)N)SC2)C(=O)[O-])CC(=O)[O-].[Na+].[Na+]
5479537,C[N+]1(CCCC1)CC2=C(N3[C@@H]([C@@H](C3=O)NC(=O)/C(=N\OC)/C4=CSC(=N4)N)SC2)C(=O)[O-]
9571080,CO/N=C(/C1=NSC(=N1)N)\C(=O)N[C@H]2[C@@H]3N(C2=O)C(=C(CS3)C[N+]4=C5C=CC=NN5C=C4)C(=O)[O-]
10250769,CC(=O)OCOC(=O)[C@H]1C(S[C@H]2N1C(=O)[C@H]2NC(=O)CC3=CC=CC=C3)(C)C
636405,CC1=CC(=O)C(=CN1)C(=O)N[C@H](C2=CC=C(C=C2)O)C(=O)N[C@H]3[C@@H]4N(C3=O)C(=C(CS4)CSC5=NN=NN5C)C(=O)O
33255,CC1=NN=C(S1)SCC2=C(N3[C@@H]([C@@H](C3=O)NC(=O)CN4C=NN=N4)SC2)C(=O)O
36921,CC1([C@@H](N2[C@H](S1)[C@@H](C2=O)NC(=O)[C@@H](C3=CSC=C3)C(=O)O)C(=O)O)C
6436055,CC/C=C(/C1=CSC(=N1)N)\C(=O)N[C@H]2[C@@H]3N(C2=O)C(=C(CS3)COC(=O)N)C(=O)O
73415768,[H+].C[C@@H]1[C@@H]2[C@H](C(=O)N2C(=C1S[C@H]3C[C@H](NC3)C(=O)NC4=CC=CC(=C4)C(=O)[O-])C(=O)[O-])[C@@H](C)O.[Na+]
272833,CC(C(=O)N[C@H]1[C@@H]2N(C1=O)[C@H](C(S2)(C)C)C(=O)O)OC3=CC=CC=C3
5284584,C1CC(=C(N2[C@H]1[C@@H](C2=O)NC(=O)[C@@H](C3=CC=CC=C3)N)C(=O)O)Cl.O
6537431,CC1=NN(N=N1)CC2=C(N3[C@@H]([C@@H](C3=O)NC(=O)/C(=N\OC)/C4=CSC(=N4)N)SC2)C(=O)O
6540466,C1=C(N=C(S1)N)/C(=N/OCC(=O)O)/C(=O)N[C@H]2[C@H](N(C2=O)S(=O)(=O)O)COC(=O)N
6321416,CC(OC(=O)C)OC(=O)C1=C(CS[C@H]2N1C(=O)[C@H]2NC(=O)/C(=N\OC)/C3=CC=CO3)COC(=O)N
57514685,CCO/N=C(/C1=NSC(=N1)NP(=O)(O)[O-])\C(=O)N[C@H]2[C@@H]3N(C2=O)C(=C(CS3)SC4=NC(=CS4)C5=CC=[N+](C=C5)C)C(=O)O
5361871,CC1=C(SC(=N1)SCC2=C(N3[C@@H]([C@@H](C3=O)NC(=O)/C(=N\OC)/C4=CSC(=N4)N)SC2)C(=O)O)CC(=O)O
10695961,CC(=O)OCC1=C(N2[C@@H]([C@@H](C2=O)NC(=O)/C(=N\OC)/C3=CSC(=N3)N)SC1)C(=O)[O-].[Na+]
5748845,CO/N=C(/C1=CSC(=N1)N)\C(=O)N[C@H]2[C@@H]3N(C2=O)C(=C(CS3)C[N+]4=CC=C(N4CCO)N)C(=O)[O-]
73415797,[H+].CC(C)(C(=O)[O-])O/N=C(/C1=CSC(=N1)N)\C(=O)N[C@H]2[C@@H]3N(C2=O)C(=C(CS3)C[N+]4=CC=CC=C4)C(=O)[O-].O.O.O.O.O
73415817,[H+].CC(C)(C(=O)[O-])O/N=C(/C1=CSC(=N1)N)\C(=O)N[C@H]2[C@@H]3N(C2=O)C(=C(CS3)C[N+]4=CC=CC=C4)C(=O)[O-]
5904,CC1([C@@H](N2[C@H](S1)[C@@H](C2=O)NC(=O)CC3=CC=CC=C3)C(=O)O)C
11953897,CN1N=C(C(=O)N=C1SCC2=C(N3C(=O)[C@H]([C@H]3SC2)NC(=O)/C(=N\OC)/C4=CSC(=N4)N)C(=O)[O-])[O-].CN1N=C(C(=O)N=C1SCC2=C(N3C(=O)[C@H]([C@H]3SC2)NC(=O)/C(=N\OC)/C4=CSC(=N4)N)C(=O)[O-])[O-].O.O.O.O.O.O.O.[Na+].[Na+].[Na+].[Na+]
11954009,CN1N=NN=C1SCC2=C(N3C(=O)[C@H]([C@H]3SC2)NC(=O)/C(=N\OC)/C4=CSC(=N4)N)C(=O)O.CN1N=NN=C1SCC2=C(N3C(=O)[C@H]([C@H]3SC2)NC(=O)/C(=N\OC)/C4=CSC(=N4)N)C(=O)O.Cl
14253084,CC1([C@@H](C(=O)N1OS(=O)(=O)[O-])NC(=O)/C(=N\OCC(=O)[O-])/C2=CSC(=N2)N)C.C[N+](C)(C)CCO.C[N+](C)(C)CCO
5282437,CC/C=C(/C1=CSC(=N1)N)\C(=O)N[C@H]2[C@@H]3N(C2=O)C(=C(CS3)COC(=O)N)C(=O)OCOC(=O)C(C)(C)C.O.Cl
5284528,C/C=C\C1=C(N2[C@@H]([C@@H](C2=O)NC(=O)[C@@H](C3=CC=C(C=C3)O)N)SC1)C(=O)O
6336480,CO/N=C(/C1=CSC(=N1)N)\C(=O)N[C@H]2[C@@H]3N(C2=O)C(=C(CS3)[C@@H]4CCCO4)C(=O)O
6533629,CO/N=C(/C1=CSC(=N1)N)\C(=O)N[C@H]2[C@@H]3N(C2=O)C(=CCS3)C(=O)O
441397,CCOC(=O)OC(C)OC(=O)[C@H]1C(S[C@H]2N1C(=O)[C@H]2NC(=O)[C@@H](C3=CC=CC=C3)N)(C)C
443387,CC1([C@@H](N2[C@H](S1)[C@@H](C2=O)N3C(=O)[C@H](NC3(C)C)C4=CC=CC=C4)C(=O)O)C
6437877,CC1=C(SC=N1)/C=C\C2=C(N3[C@@H]([C@@H](C3=O)NC(=O)/C(=N\OC)/C4=CSC(=N4)N)SC2)C(=O)OCOC(=O)C(C)(C)C
5479530,CN1C(=NC(=O)C(=O)N1)SCC2=C(N3[C@@H]([C@@H](C3=O)NC(=O)/C(=N\OC)/C4=CSC(=N4)N)SC2)C(=O)O
9871712,CC1([C@@H](N2[C@H](S1)[C@@H](C2=O)NC(=O)[C@@H](C3=CC=CC=C3)NC(=O)CN=C(C4=CC=NC=C4)N)C(=O)O)C
5479539,CO/N=C(/C1=CSC(=N1)N)\C(=O)N[C@H]2[C@@H]3N(C2=O)C(=C(CS3)C[N+]4=CC=CC5=C4CCC5)C(=O)[O-]
71339,C[C@@H]1[C@@H]2[C@H](C(=O)N2C(=C1SC3CN4C=NC=[N+]4C3)C(=O)[O-])[C@@H](C)O
33477,CC1([C@@H](N2[C@H](S1)[C@@H](C2=O)NC(=O)[C@@H](C3=CC=CC=C3)N)C(=O)OCOC(=O)C(C)(C)C)C.Cl
456255,CN1C(=NN=N1)SCC2=C(N3[C@@H]([C@@H](C3=O)NC(=O)[C@@H](C4=CC=CC=C4)O)SC2)C(=O)O
6526396,CC(C)OC(=O)OC(C)OC(=O)C1=C(CS[C@H]2N1C(=O)[C@H]2NC(=O)/C(=N\OC)/C3=CSC(=N3)N)COC
6328657,CO/N=C(/C1=CSC(=N1)N)\C(=O)N[C@H]2[C@@H]3N(C2=O)C(=C(CS3)CSC(=O)C4=CC=CO4)C(=O)O
6336505,CO/N=C(/C1=CSC(=N1)N)\C(=O)N[C@H]2[C@@H]3N(C2=O)C(=C(CS3)CSC4=CN=NS4)C(=O)O
76960417,C[C@H]1[C@H]([C@@](C[C@@H](O1)O[C@@H]2[C@H]([C@@H]([C@H](O[C@H]2OC3=C4C=C5C=C3OC6=C(C=C(C=C6)[C@H]([C@H](C(=O)N[C@H](C(=O)N[C@H]5C(=O)N[C@@H]7C8=CC(=C(C=C8)O)C9=C(C=C(C=C9O)O)[C@H](NC(=O)[C@H]([C@@H](C1=CC(=C(O4)C=C1)Cl)O)NC7=O)C(=O)NCCCO/N=C(/C1=C(SC(=N1)N)Cl)\C(=O)N[C@H]1[C@@H]2N(C1=O)C(=C(CS2)C[N+]1=CC=CC=C1)C(=O)[O-])CC(=O)N)NC(=O)[C@@H](CC(C)C)NC)O)Cl)CO)O)O)(C)N)O
44187,CCN1CCN(C(=O)C1=O)C(=O)N[C@H](C2=CC=C(C=C2)O)C(=O)N[C@H]3[C@@H]4N(C3=O)C(=C(CS4)CSC5=NN=NN5C)C(=O)O
10993211,C[C@H]1C=C(CN1)C2=CSC(=N2)SC3=C(N4[C@H]([C@H]3C)[C@H](C4=O)[C@@H](C)O)C(=O)O
9870843,CC1=C(SC=N1)/C=C\C2=C(N3[C@@H]([C@@H](C3=O)NC(=O)/C(=N\OC)/C4=CSC(=N4)N)SC2)C(=O)O
71392,CC1([C@@H](N2[C@H](S1)[C@@H](C2=O)NC(=O)[C@@H](C3=CCC=CC3)N)C(=O)O)C
71961,CC1([C@@H](N2[C@H](S1)[C@@H](C2=O)NC(=O)[C@@H](C3=CC=C(C=C3)O)NC(=O)[C@@H](CC(=O)NC)N)C(=O)O)C
71807,CC1([C@@H](N2[C@H](S1)[C@@H](C2=O)NC(=O)C(C3=CC(=C(C=C3)Cl)Cl)OC)C(=O)O)C
6436628,C/C=C/C1=C(N2[C@@H]([C@@H](C2=O)NC(=O)[C@@H](C3=CC=C(C=C3)O)N)SC1)C(=O)O.O
93184,CC1([C@@H](N2[C@H](S1)[C@@H](C2=O)NC(=O)C(C3=CC=CC=C3)C(=O)OC4=CC5=C(CCC5)C=C4)C(=O)O)C
92879,CCC(C(=O)N[C@H]1[C@@H]2N(C1=O)[C@H](C(S2)(C)C)C(=O)O)OC3=CC=CC=C3
6479523,CC1([C@@H](N2[C@H](S1)[C@@H](C2=O)NC(=O)[C@@H](C3=CC=CC=C3)NC(=O)N4CCNC4=O)C(=O)O)C
441199,CO[C@@]1([C@@H]2N(C1=O)C(=C(CS2)COC(=O)N)C(=O)O)NC(=O)CC3=CC=CS3
51039,C1C(=C(N2[C@H](S1)[C@@H](C2=O)NC(=O)[C@@H](C3=CC=CC=C3)N)C(=O)O)Cl
64725,CC1([C@@H](N2[C@H](S1)[C@@H](C2=O)NC(=O)COC3=CC=CC=C3)C(=O)O)C.CC1([C@@H](N2[C@H](S1)[C@@H](C2=O)NC(=O)COC3=CC=CC=C3)C(=O)O)C.C1=CC=C(C=C1)CNCCNCC2=CC=CC=C2
43672,CCN1CCN(C(=O)C1=O)C(=O)N[C@H](C2=CC=CC=C2)C(=O)N[C@H]3[C@@H]4N(C3=O)[C@H](C(S4)(C)C)C(=O)O
47965,CC1=C(N2[C@@H]([C@@H](C2=O)NC(=O)[C@@H](C3=CC=C(C=C3)O)N)SC1)C(=O)O
43594,C1C(=C(N2[C@H](S1)[C@@H](C2=O)NC(=O)[C@@H](C3=CC=CC=C3)O)C(=O)O)CSC4=NN=NN4CS(=O)(=O)O
21319,CC1=C(C(=NO1)C2=C(C=CC=C2Cl)F)C(=O)N[C@H]3[C@@H]4N(C3=O)[C@H](C(S4)(C)C)C(=O)O
5281006,C/C=C/C1=C(N2[C@@H]([C@@H](C2=O)NC(=O)[C@@H](C3=CC=C(C=C3)O)N)SC1)C(=O)O
5284585,C1CC(=C(N2[C@H]1[C@@H](C2=O)NC(=O)[C@@H](C3=CC=CC=C3)N)C(=O)O)Cl
656811,CC1([C@@H](N2[C@H](S1)[C@@H](C2=O)NC(=O)CC3=CC=CC=C3)C(=O)O)C.CC1([C@@H](N2[C@H](S1)[C@@H](C2=O)NC(=O)CC3=CC=CC=C3)C(=O)O)C.C1=CC=C(C=C1)CNCCNCC2=CC=CC=C2.O.O.O.O
6713928,CC1([C@@H](N2[C@H](S1)[C@@H](C2=O)NC(=O)[C@@H](C3=CC=CC=C3)N=C)C(=O)O)C
11954345,C1C=C(N2[C@H](S1)[C@@H](C2=O)NC(=O)/C(=N\O[C@@H](C3=CC(=C(C=C3)O)O)C(=O)O)/C4=CSC(=N4)N)C(=O)O.O.O.O.O
9852981,CCO/N=C(/C1=NSC(=N1)NP(=O)(O)O)\C(=O)N[C@H]2[C@@H]3N(C2=O)C(=C(CS3)SC4=NC(=CS4)C5=CC=[N+](C=C5)C)C(=O)[O-]
115163,CC1([C@@H](N2[C@H](S1)[C@@H](C2=O)N=CN3CCCCCC3)C(=O)OCOC(=O)C(C)(C)C)C
9571072,COCC1=C(N2[C@@H]([C@@H](C2=O)NC(=O)/C(=N\O)/C3=CSC(=N3)N)SC1)C(=O)O
9568618,C1=C(N=C(S1)N)/C(=N/OCC(=O)[O-])/C(=O)N[C@H]2[C@H](N(C2=O)S(=O)(=O)[O-])COC(=O)N.[Na+].[Na+]
23663965,CO/N=C(/C1=CSC(=N1)N)\C(=O)N[C@H]2[C@@H]3N(C2=O)C(=C(CS3)CSC4=CN=NS4)C(=O)[O-].[Na+]
9959752,C[N+]1(CCCC1)CC2=C(N3[C@@H]([C@@H](C3=O)NC(=O)/C(=N\OC)/C4=CSC(=N4)N)SC2)C(=O)[O-].O.Cl.Cl
71736,CC1=NN=C(S1)SCC2=C(N3[C@@H]([C@@H](C3=O)NC(=O)CN4C=C(C(=O)C(=C4)Cl)Cl)SC2)C(=O)O
71141,CN1C(=NN=N1)SCC2=C(N3[C@@H]([C@@](C3=O)(NC(=O)CSC[C@H](C(=O)O)N)OC)SC2)C(=O)O
71447,CC1([C@@H](N2[C@H](S1)[C@@H](C2=O)NC(=O)[C@@H](C3=CC=CC=C3)N)C(=O)OC4C5=CC=CC=C5C(=O)O4)C
73303,C[C@@H]1[C@@H]2[C@H](C(=O)N2C(=C1S[C@H]3C[C@H](NC3)CNS(=O)(=O)N)C(=O)O)[C@@H](C)O
6196,CC1=C(C(=NO1)C2=CC=CC=C2)C(=O)N[C@H]3[C@@H]4N(C3=O)[C@H](C(S4)(C)C)C(=O)O
6869,CC1([C@@H](N2[C@H](S1)[C@@H](C2=O)NC(=O)COC3=CC=CC=C3)C(=O)O)C
3034014,CC1([C@@H](N2[C@H](S1)[C@@H](C2=O)NC(=O)[C@@H](C3=CC=CC=C3)NS(=O)(=O)O)C(=O)O)C
91562,CC(=O)OCC1=C(N2[C@@H]([C@@H](C2=O)NC(=O)CC#N)SC1)C(=O)O
6915944,C=CC1=C(N2[C@@H]([C@@H](C2=O)NC(=O)/C(=N\O)/C3=CSC(=N3)N)SC1)C(=O)O
23663979,CC1([C@@H](N2[C@H](S1)[C@@H](C2=O)NC(=O)[C@@H](C3=CC=CC=C3)N)C(=O)[O-])C.[Na+]
23665731,CN1C(=NN=N1)SCC2=C(N3[C@@H]([C@@H](C3=O)NC(=O)[C@@H](C4=CC=CC=C4)OC=O)SC2)C(=O)[O-].[Na+]
23666879,CCN1CCN(C(=O)C1=O)C(=O)N[C@H](C2=CC=CC=C2)C(=O)N[C@H]3[C@@H]4N(C3=O)[C@H](C(S4)(C)C)C(=O)[O-].[Na+]
23671563,CO/N=C(/C1=CSC(=N1)N)\C(=O)N[C@H]2[C@@H]3N(C2=O)C(=C(CS3)CSC(=O)C4=CC=CO4)C(=O)[O-].[Na+]
23674995,CC1([C@@H](N2[C@H](S1)[C@@H](C2=O)NC(=O)C(C3=CC=CC=C3)C(=O)OC4=CC=CC=C4)C(=O)[O-])C.[Na+]
52918380,CC(C)(C(=O)O)O/N=C(/C1=NSC(=N1)N)\C(=O)N[C@H]2[C@@H]3N(C2=O)C(=C(CS3)C[N+]4=CC(=C(N4C)N)NC(=O)NCCN)C(=O)O.OS(=O)(=O)[O-]
8982,CCOC1=C(C2=CC=CC=C2C=C1)C(=O)N[C@H]3[C@@H]4N(C3=O)[C@H](C(S4)(C)C)C(=O)O
27447,CC1=C(N2[C@@H]([C@@H](C2=O)NC(=O)[C@@H](C3=CC=CC=C3)N)SC1)C(=O)O
53025,CN1C(=NN=N1)SCC2=C(N3[C@@H]([C@@](C3=O)(NC(=O)C4SC(=C(C(=O)N)C(=O)O)S4)OC)SC2)C(=O)O
150610,C[C@@H]1[C@@H]2[C@H](C(=O)N2C(=C1S[C@H]3C[C@H](NC3)C(=O)NC4=CC=CC(=C4)C(=O)O)C(=O)O)[C@@H](C)O
65864,CO[C@@]1([C@@H]2N(C1=O)C(=C(CO2)CSC3=NN=NN3CCO)C(=O)O)NC(=O)CSC(F)F
65755,C1C(=C(N2[C@H](S1)[C@@H](C2=O)NC(=O)CN3C=NN=N3)C(=O)O)CSC4=NN=CS4
42008,CN1C(=NN=N1)SCC2=C(N3[C@@H]([C@@](C3=O)(NC(=O)CSCC#N)OC)SC2)C(=O)O
43507,C1C(=C(N2[C@H](S1)[C@@H](C2=O)NC(=O)CC3=CC=CC=C3CN)C(=O)O)CSC4=NN=NN4CC(=O)O
47499,CN1C(=NN=N1)SCC2=C(N3[C@@H]([C@@](C3=O)(NC(=O)C(C4=CC=C(C=C4)O)C(=O)O)OC)OC2)C(=O)O
43708,CN(C)CCN1C(=NN=N1)SCC2=C(N3[C@@H]([C@@H](C3=O)NC(=O)CC4=CSC(=N4)N)SC2)C(=O)O
441129,C[C@@H]1[C@@H]2[C@H](C(=O)N2C(=C1S[C@H]3C[C@H](NC3)C(=O)N(C)C)C(=O)O)[C@@H](C)O.O.O.O
6537430,CO/N=C(/C1=CSC(=N1)N)\C(=O)N[C@H]2[C@@H]3N(C2=O)C(=C(CS3)/C=C/SC4=NNC(=O)C(=O)N4CC=O)C(=O)O
5773,C1C(=C(N2[C@H](S1)[C@@H](C2=O)NC(=O)CC3=CC=CS3)C(=O)[O-])C[N+]4=CC=CC=C4
6087,CC1([C@@H](N2[C@H](S1)[C@@H](C2=O)NC(=O)C3=C(C=CC=C3OC)OC)C(=O)O)C
216262,C[C@@H]1[C@@H]2[C@H](C(=O)N2C(=C1S[C@H]3C[C@H](NC3)[C@@H](CCNC)O)C(=O)O)[C@@H](C)O
5491577,C=CC1=C(N2[C@@H]([C@@H](C2=O)NC(=O)/C(=N\OCC(=O)O)/C3=CSC(=N3)N)SC1)C(=O)O.O.O.O
23664040,C1C(=C(N2[C@H](S1)[C@@H](C2=O)NC(=O)[C@@H](C3=CC=CC=C3)O)C(=O)O)CSC4=NN=NN4CS(=O)(=O)[O-].[Na+]
23663938,CO/N=C(/C1=CSC(=N1)N)\C(=O)N[C@H]2[C@@H]3N(C2=O)C(=CCS3)C(=O)[O-].[Na+]
23676503,CC1([C@@H](N2[C@H](S1)[C@@H](C2=O)NC(=O)C(C3=CC=CC=C3)C(=O)OC4=CC5=C(CCC5)C=C4)C(=O)[O-])C.[Na+]
23677831,CC1([C@@H](N2[C@H](S1)[C@@H](C2=O)NC(=O)[C@@H](C3=CC=CC=C3)NC(=O)N4CCN(C4=O)S(=O)(=O)C)C(=O)[O-])C.O.[Na+]
23704143,CCOC1=C(C2=CC=CC=C2C=C1)C(=O)N[C@H]3[C@@H]4N(C3=O)[C@H](C(S4)(C)C)C(=O)[O-].O.[Na+]
23664709,CC1([C@@H](N2[C@H](S1)[C@@H](C2=O)NC(=O)CC3=CC=CC=C3)C(=O)[O-])C.[K+]
23675317,CC(C(=O)N[C@H]1[C@@H]2N(C1=O)[C@H](C(S2)(C)C)C(=O)[O-])OC3=CC=CC=C3.[K+]
23677989,CC1([C@@H](N2[C@H](S1)[C@@H](C2=O)NC(=O)[C@@H](C3=CC=C(C=C3)O)NC(=O)C4=CC=C(NC4=O)C5=CC=C(C=C5)S(=O)(=O)N(CCO)CCO)C(=O)[O-])C.[Na+]
23694213,CC1=C(C(=NO1)C2=CC=CC=C2)C(=O)N[C@H]3[C@@H]4N(C3=O)[C@H](C(S4)(C)C)C(=O)[O-].O.[Na+]
6098,CC1=C(C(=NO1)C2=CC=CC=C2Cl)C(=O)N[C@H]3[C@@H]4N(C3=O)[C@H](C(S4)(C)C)C(=O)O
18381,CC1=C(C(=NO1)C2=C(C=CC=C2Cl)Cl)C(=O)N[C@H]3[C@@H]4N(C3=O)[C@H](C(S4)(C)C)C(=O)O
33672,CC1([C@@H](N2[C@H](S1)[C@@H](C2=O)NC(=O)C(C3=CC=CC=C3)C(=O)OC4=CC=CC=C4)C(=O)O)C
9576769,CC1([C@@H](C(=O)N1OS(=O)(=O)O)NC(=O)/C(=N\OCC(=O)O)/C2=CSC(=N2)N)C
9578661,C[C@@H](C(=O)NC1=NC(=CS1)/C(=N/OC)/C(=O)N[C@H]2[C@@H]3N(C2=O)C(=CCS3)C(=O)OCOC(=O)C(C)(C)C)N
127527,CCN1CCN(C(=O)C1=O)C(=O)N[C@H]([C@H](C)O)C(=O)N[C@]2([C@@H]3N(C2=O)C(=C(CS3)CSC4=NN=NN4C)C(=O)O)OC
68597,C1C(=C(N2[C@H](S1)[C@@H](C2=O)NC(=O)[C@@H](C3=CC=CC=C3)NC(=O)C4=C(NC=N4)C(=O)O)C(=O)O)C[N+]5=CC=C(C=C5)CCS(=O)(=O)[O-]
135413543,CC1=C(OC(=O)O1)COC(=O)N2CC[C@H](C2)N3CC/C(=C\C4=C(N5[C@@H]([C@@H](C5=O)NC(=O)/C(=N\O)/C6=NSC(=N6)N)SC4)C(=O)[O-])/C3=O.[Na+]
135413544,CC1=C(OC(=O)O1)COC(=O)N2CC[C@H](C2)N3CC/C(=C\C4=C(N5[C@@H]([C@@H](C5=O)NC(=O)/C(=N\O)/C6=NSC(=N6)N)SC4)C(=O)O)/C3=O
9937686,CO/N=C(/C1=CSC(=N1)N)\C(=O)N[C@H]2[C@@H]3N(C2=O)C(=C(CS3)CSC(=O)C4=CC=CO4)C(=O)O.Cl
9690097,C[C@H]1[C@@H](C(=O)N1OCC(=O)O)NC(=O)/C(=N\OC)/C2=CSC(=N2)N
441398,CCOC(=O)OC(C)OC(=O)[C@H]1C(S[C@H]2N1C(=O)[C@H]2NC(=O)[C@@H](C3=CC=CC=C3)N)(C)C.Cl
5486182,CC1=C(N2[C@@H]([C@@H](C2=O)NC(=O)/C(=N\OC)/C3=CSC(=N3)N)SC1)C(=O)OCOC(=O)C(C)(C)C
5489410,CC1=C(N2[C@@H]([C@@H](C2=O)NC(=O)/C(=N\OC)/C3=CSC(=N3)N)SC1)C(=O)OCOC(=O)C(C)(C)C.Cl
5488543,CC(C)(C(=O)[O-])O/N=C(/C1=CSC(=N1)N)\C(=O)N[C@H]2[C@@H]3N(C2=O)C(=C(CS3)C[N+]4=CC=CC=C4)C(=O)[O-].[Na+]
6024,CC(=O)OCC1=C(N2[C@@H]([C@@H](C2=O)NC(=O)CC3=CC=CS3)SC1)C(=O)O
470375,CC1([C@@H](N2[C@H](S1)[C@@H](C2=O)NC(=O)[C@@H](C3=CSC=C3)C(=O)[O-])C(=O)[O-])C.[Na+].[Na+]
65754,CC1([C@@H](N2[C@H](S1)[C@@H](C2=O)Br)C(=O)O)C
23666711,CN1C(=NN=N1)SCC2=C(N3[C@@H]([C@@](C3=O)(NC(=O)CSCC#N)OC)SC2)C(=O)[O-].[Na+]
23667631,CC1=C(C(=NO1)C2=CC=CC=C2)C(=O)N[C@H]3[C@@H]4N(C3=O)[C@H](C(S4)(C)C)C(=O)[O-].[Na+]
23673603,CC1=NN=C(S1)SCC2=C(N3[C@@H]([C@@H](C3=O)NC(=O)CN4C=C(C(=O)C(=C4)Cl)Cl)SC2)C(=O)[O-].[Na+]
20824,CC1([C@@H](N2[C@H](S1)[C@@H](C2=O)NC(=O)C(C3=CC=CC=C3)C(=O)O)C(=O)O)C
5464355,CO/N=C(/C1=CSC(=N1)N)\C(=O)N[C@H]2[C@@H]3N(C2=O)C(=C(CS3)C[N+]4=CC=CC5=C4CCCC5)C(=O)[O-]
23668834,CC1([C@@H](N2[C@H](S1)[C@@H](C2=O)NC(=O)CC3=CC=CC=C3)C(=O)[O-])C.[Na+]
23670318,CO/N=C(/C1=CC=CO1)\C(=O)N[C@H]2[C@@H]3N(C2=O)C(=C(CS3)COC(=O)N)C(=O)[O-].[Na+]
23678596,CC1([C@@H](N2[C@H](S1)[C@@H](C2=O)NC(=O)C3=C(C=CC=C3OC)OC)C(=O)[O-])C.O.[Na+]
23675786,CC1=C(C(=NO1)C2=C(C=CC=C2Cl)Cl)C(=O)N[C@H]3[C@@H]4N(C3=O)[C@H](C(S4)(C)C)C(=O)[O-].O.[Na+]
23676814,CC1([C@@H](N2[C@H](S1)[C@@H](C2=O)NC(=O)COC3=CC=CC=C3)C(=O)[O-])C.[K+]
23685176,CC1([C@@H](N2[C@H](S1)[C@@H](C2=O)NC(=O)[C@@H](C3=CC=CC=C3)NC(=O)N4CCNC4=O)C(=O)[O-])C.[Na+]
71377,CC1([C@@H](N2[C@H](S1)[C@@H](C2=O)NC(=O)[C@@H](C3=CC=CC=C3)NS(=O)(=O)[O-])C(=O)[O-])C.[Na+].[Na+]
72025,CCN1CCN(C(=O)C1=O)C(=O)N[C@H](C2=CC(=C(C=C2)O)O)C(=O)N[C@]3([C@@H]4N(C3=O)[C@H](C(S4)(C)C)C(=O)O)NC=O
6436140,C1C(=C(N2[C@H](S1)[C@@H](C2=O)NC(=O)CC3=CC=CS3)C(=O)O)/C=C/C4=C(C=C(C=C4)[N+](=O)[O-])[N+](=O)[O-]
171758,CC1([C@@H](N2[C@H](S1)[C@@](C2=O)(NC(=O)C(C3=CSC=C3)C(=O)O)OC)C(=O)O)C
76956224,CC1([C@@H](N2[C@H](S1)[C@@H](C2=O)N3C(=O)[C@H](NC3(C)C)C4=CC=C(C=C4)O)C(=O)OCOC)C
91668151,CC(C)(C(=O)[O-])O/N=C(/C1=CSC(=N1)N)\C(=O)NC2CN(C2=O)/C(=N/S(=O)(=O)N3CCN(C3=O)NC(=O)C4=CC(=O)C(=CN4)O)/[O-].[Na+].[Na+]
11145493,C[C@@H]1[C@@H]2[C@H](C(=O)N2C(=C1S[C@H]3C[C@H]([NH2+]C3)C(=O)NC4=CC=CC(=C4)C(=O)[O-])C(=O)[O-])[C@@H](C)O.[Na+]
47964,CC1=C(N2[C@@H]([C@@H](C2=O)NC(=O)[C@@H](C3=CC=C(C=C3)O)N)SC1)C(=O)O.O
51038,C1C(=C(N2[C@H](S1)[C@@H](C2=O)NC(=O)[C@@H](C3=CC=CC=C3)N)C(=O)O)Cl.O
62883,CC1([C@@H](N2[C@H](S1)[C@@H](C2=O)NC(=O)[C@@H](C3=CC=C(C=C3)O)N)C(=O)O)C.O.O.O
62979,CC1=C(N2[C@@H]([C@@H](C2=O)NC(=O)[C@@H](C3=CC=CC=C3)N)SC1)C(=O)O.O.Cl
65054,CC1([C@@H](N2[C@H](S1)[C@@H](C2=O)NC(=O)CC3=CC=CC=C3)C(=O)O)C.C1=CC=C(C=C1)CCNCC2=CC=CC=C2
65322,CCCN(CCC)S(=O)(=O)C1=CC=C(C=C1)C(=O)O.CC1([C@@H](N2[C@H](S1)[C@@H](C2=O)NC(=O)[C@@H](C3=CC=CC=C3)N)C(=O)OCOC(=O)C(C)(C)C)C
43593,C1C(=C(N2[C@H](S1)[C@@H](C2=O)NC(=O)[C@@H](C3=CC=CC=C3)O)C(=O)[O-])CSC4=NN=NN4CS(=O)(=O)[O-].[Na+].[Na+]
68681,CCOC(=O)OC(C)OC(=O)[C@H]1C(S[C@H]2N1C(=O)[C@H]2N=CN3CCCCCC3)(C)C
68666,CC1=NN=C(S1)SCC2=C(N3[C@@H]([C@@H](C3=O)NC(=O)[C@@H](C4=CC=CC=C4)O)SC2)C(=O)O
68718,CC1=C(N2[C@@H]([C@@H](C2=O)NC(=O)[C@@H](C3=CC(=CC=C3)NS(=O)(=O)C)N)SC1)C(=O)O
23668837,CC(=O)OCC1=C(N2[C@@H]([C@@H](C2=O)NC(=O)CC#N)SC1)C(=O)[O-].[Na+]
23675321,CC(=O)OCC1=C(N2[C@@H]([C@@H](C2=O)NC(=O)CC3=CC=CS3)SC1)C(=O)[O-].[Na+]
23684409,CC1([C@@H](N2[C@H](S1)[C@@H](C2=O)NC(=O)[C@@H](C3=CC=CC=C3)NC(=O)CN=C(C4=CC=NC=C4)N)C(=O)[O-])C.[Na+]
23688977,C1C(=C(N2[C@H](S1)[C@@H](C2=O)NC(=O)CN3C=NN=N3)C(=O)[O-])CSC4=NN=CS4.[Na+]
9807169,C1C=C(N2[C@H](S1)[C@@H](C2=O)NC(=O)/C(=N\O[C@@H](C3=CC(=C(C=C3)O)O)C(=O)O)/C4=CSC(=N4)N)C(=O)O
175647,CC(OC(=O)C1=C(CS[C@H]2N1C(=O)[C@H]2NC(=O)CC3=CSC(=N3)N)CSC4=NN=NN4CCN(C)C)OC(=O)OC5CCCCC5.Cl.Cl
23663968,CCN1CCN(C(=O)C1=O)C(=O)N[C@H]([C@H](C)O)C(=O)N[C@]2([C@@H]3N(C2=O)C(=C(CS3)CSC4=NN=NN4C)C(=O)[O-])OC.[Na+]
23663126,CC1([C@@H](N2[C@H](S1)[C@@H](C2=O)NC(=O)[C@@H](C3=CC=C(C=C3)O)N)C(=O)[O-])C.[Na+]
23663974,CCN1CCN(C(=O)C1=O)C(=O)N[C@H](C2=CC=C(C=C2)O)C(=O)N[C@H]3[C@@H]4N(C3=O)C(=C(CS4)CSC5=NN=NN5C)C(=O)[O-].[Na+]
23667630,CCOC1=C(C2=CC=CC=C2C=C1)C(=O)N[C@H]3[C@@H]4N(C3=O)[C@H](C(S4)(C)C)C(=O)[O-].[Na+]
23675320,CC1=C(C(=NO1)C2=CC=CC=C2Cl)C(=O)N[C@H]3[C@@H]4N(C3=O)[C@H](C(S4)(C)C)C(=O)[O-].[Na+]
23675322,CC1=NN=C(S1)SCC2=C(N3[C@@H]([C@@H](C3=O)NC(=O)CN4C=NN=N4)SC2)C(=O)[O-].[Na+]
23682190,CCC(C(=O)N[C@H]1[C@@H]2N(C1=O)[C@H](C(S2)(C)C)C(=O)[O-])OC3=CC=CC=C3.[K+]
23702658,CN1C(=NN=N1)SCC2=C(N3[C@@H]([C@@H](C3=O)NC(=O)CSC(F)(F)F)SC2)C(=O)[O-].[Na+]
5282438,CC/C=C(/C1=CSC(=N1)N)\C(=O)N[C@H]2[C@@H]3N(C2=O)C(=C(CS3)COC(=O)N)C(=O)OCOC(=O)C(C)(C)C
20933,CC1([C@@H](N2[C@H](S1)[C@@H](C2=O)NC(=O)C(C3=CC=CC=C3)C(=O)[O-])C(=O)[O-])C.[Na+].[Na+]
19150,CC(=O)OCC1=C(N2[C@@H]([C@@H](C2=O)NC(=O)[C@@H](C3=CC=CC=C3)N)SC1)C(=O)O
71724,CC1([C@@H](N2[C@H](S1)[C@@H](C2=O)NC(=O)CCC[C@H](C(=O)O)N)C(=O)O)C
6400678,C1C(=C(N2[C@H](S1)[C@@H](C2=O)NC(=O)/C(=N\O)/C3=CSC(=N3)N)C(=O)O)SCSC4=NNN=C4
71107,CC1([C@@H](N2[C@H](S1)[C@@H](C2=O)NC(=O)C(C3=CC=CC=C3)OC4=CC=CC=C4)C(=O)O)C
72015,C[C@H]([C@@H]1[C@H]2CC(=C(N2C1=O)C(=O)O)S[C@H]3CCN(C3)C(=N)C)O
71446,CC1([C@@H](N2[C@H](S1)[C@@H](C2=O)NC(=O)[C@@H](C3=CC=CC=C3)N)C(=O)OC4C5=CC=CC=C5C(=O)O4)C.Cl
73246,CCN1CCN(C(=O)C1=O)C(=O)N[C@H](C2=CC=CC=C2)C(=O)N[C@H]3[C@@H]4N(C3=O)[C@H](C(S4)(C)C)C(=O)O.O
73302,C[C@@H]1[C@@H]2[C@H](C(=O)N2C(=C1S[C@@H]3CC(=O)NC3)C(=O)O)[C@@H](C)O
94316,CC1([C@@H](N2[C@H](S1)[C@@H](C2=O)NC(=O)CC3=CC=CC=C3)C(=O)O)C.C1CCN(C1)CC2=NC3=CC=CC=C3N2CC4=CC=C(C=C4)Cl
92894,CC1([C@@H](N2[C@H](S1)[C@@H](C2=O)NC(=O)C3=NC4=CC=CC=C4N=C3C(=O)O)C(=O)O)C
76972700,CC(=O)OCC1=C(N2[C@@H]([C@@H](C2=O)NC(=O)/C(=N\OC)/C3=CSC(=N3)N)[S@@](=O)C1)C(=O)O
76970981,CC1([C@@H](N2[C@H](S1)[C@@H](C2=O)N3C(=O)[C@H](NC3(C)C)C4=CC=CC=C4)C(=O)OCOC)C
47896,CN(C)CCN1C(=NN=N1)SCC2=C(N3[C@@H]([C@@H](C3=O)NC(=O)CC4=CSC(=N4)N)SC2)C(=O)O.Cl.Cl
53024,CN1C(=NN=N1)SCC2=C(N3[C@@H]([C@@](C3=O)(NC(=O)C4SC(=C(C(=O)N)C(=O)[O-])S4)OC)SC2)C(=O)[O-].[Na+].[Na+]
55324,C1C(=C(N2[C@H](S1)[C@@H](C2=O)NC(=O)[C@H](C3=CC=CC=C3)NC(=O)C4=C(NC=N4)C(=O)O)C(=O)[O-])C[N+]5=CC=C(C=C5)CCS(=O)(=O)[O-].[Na+]
65476,CC1=C(N2[C@@H]([C@@H](C2=O)NC(=O)[C@@H](C3=CCC=CC3)N)SC1)C(=O)O.O.O
65633,C[C@H]([C@@H]1[C@@H]2N(C1=O)C(=C(S2)COC(=O)N)C(=O)O)O
40240,CN1C(=NN=N1)SCC2=C(N3[C@@H]([C@@H](C3=O)NC(=O)CSC(F)(F)F)SC2)C(=O)O
166592,CC(=O)OCC1=C(N2[C@@H]([C@@H](C2=O)NC(=O)[C@@H](C3=CC=CC=C3)N)SC1)C(=O)O.O.O
64706,CC1=C(C(=NO1)C2=CC=CC=C2Cl)C(=O)N[C@H]3[C@@H]4N(C3=O)[C@H](C(S4)(C)C)C(=O)O.CC1=C(C(=NO1)C2=CC=CC=C2Cl)C(=O)N[C@H]3[C@@H]4N(C3=O)[C@H](C(S4)(C)C)C(=O)O.C1=CC=C(C=C1)CNCCNCC2=CC=CC=C2
65622,CC1=C(N(N=C1)C2=C(C=CC=C2Cl)Cl)C(=O)N[C@H]3[C@@H]4N(C3=O)[C@H](C(S4)(C)C)C(=O)O
65646,CC1=C(OC(=O)O1)COC(=O)[C@H]2C(S[C@H]3N2C(=O)[C@H]3NC(=O)[C@@H](C4=CC=CC=C4)N)(C)C
68692,CC1=C(N2[C@@H]([C@@H](C2=O)NC(=O)CC3=CC=C(C=C3)C4=NCCCN4)SC1)C(=O)O
68940,CC(=O)OCC1=C(N2[C@@H]([C@@H](C2=O)NC(=O)CC3=CC=CC=C3)SC1)C(=O)O
68757,CCN(CC)CCOC(=O)[C@H]1C(S[C@H]2N1C(=O)[C@H]2NC(=O)C3=C(C=CC=C3OC)OC)(C)C
65798,CC1=C(C(=NO1)C2=CC=CC=C2Cl)C(=O)N[C@H]3[C@@H]4N(C3=O)C(=C(CS4)COC(=O)C)C(=O)O
65894,C[C@H]([C@@H]1[C@@H]2N(C1=O)C(=C(S2)[C@H]3CCCO3)C(=O)O)O
104838,C[C@H]([C@@H]1[C@H]2CC(=C(N2C1=O)C(=O)O)SCCN=CN)O
72941602,C=CC1=C(N2[C@@H]([C@@H](C2=O)NC(=O)/C(=N\OCC(=O)[O-])/C3=CSC(=N3)N)SC1)C(=O)[O-].[Na+].[Na+]
6918218,CC1=C(OC(=O)O1)COC(=O)C2=C(S[C@H]3N2C(=O)[C@@H]3[C@@H](C)O)[C@H]4CCCO4
15232,CC1([C@@H](N2[C@H](S1)[C@@H](C2=O)NC(=O)CC3=CC=CC=C3)C(=O)O)C.CC1([C@@H](N2[C@H](S1)[C@@H](C2=O)NC(=O)CC3=CC=CC=C3)C(=O)O)C.C1=CC=C(C=C1)CNCCNCC2=CC=CC=C2
19003,CC1([C@@H](N2[C@H](S1)[C@@H](C2=O)NC(=O)C3(CCCCC3)N)C(=O)O)C
23565,CC1([C@@H](N2[C@H](S1)[C@@H](C2=O)NC(=O)[C@@H](C3=CC=CC=C3)N)C(=O)O)C.O.O.O
21743,C1C(=C(N2[C@H](S1)[C@@H](C2=O)NC(=O)CC3=CC=CS3)C(=O)[O-])C[N+]4=CC=C(C=C4)C(=O)N
22502,CCN(CC)CCOC(=O)C1=CC=C(C=C1)N.CC1([C@@H](N2[C@H](S1)[C@@H](C2=O)NC(=O)CC3=CC=CC=C3)C(=O)O)C.O
5361202,CO/N=C(\C1=CC=CO1)/C(=O)N[C@H]2[C@@H]3N(C2=O)C(=C(CS3)COC(=O)N)C(=O)O
179697,CC1=C(OC(=O)O1)COC(=O)C2=C(CS[C@H]3N2C(=O)[C@H]3NC(=O)[C@@H](C4=CC=CC=C4)OC(=O)[C@H](C)N)CSC5=NN=C(S5)C
6918217,C[C@H]([C@@H]1[C@H]2[C@H]3CCC[C@@H](C3=C(N2C1=O)C(=O)OC(C)OC(=O)OC4CCCCC4)OC)O
165411819,[H+].CC1([C@@H](N2[C@H](S1)[C@@H](C2=O)NC(=O)C(C3=CC=CC=C3)C(=O)[O-])C(=O)[O-])C.[K+]
54686187,C[C@@]1([C@H]2C[C@H]3[C@@H](C(=O)C(=C([C@]3(C(=O)C2=C(C4=C1C=CC=C4O)O)O)O)C(=O)NCN5CCN(CC5)CCO)N(C)C)O.CC1([C@@H](N2[C@H](S1)[C@@H](C2=O)NC(=O)COC3=CC=CC=C3)C(=O)O)C
71463603,C1CNC(=O)C1O/N=C(\C2=CN=C(S2)N)/C(=O)N[C@H]3[C@@H]4N(C3=O)C(=C(CS4)C[N+]5=CC=CC=C5)C(=O)[O-]
9577261,CO/N=C(/C1=CSC(=N1)N)\C(=O)N[C@H]2[C@@H]3N(C2=O)C(=C(CS3)C[N+]4=CC=CC5=C4CCCC5)C(=O)[O-].OS(=O)(=O)O
9950244,C[C@H]([C@@H]1[C@@H]2N(C1=O)C(=C(S2)S[C@H]3CC[S@@](=O)C3)C(=O)O)O
49785800,CCC(CC)C(=O)OCOC(=O)C1=C(S[C@H]2N1C(=O)[C@@H]2[C@@H](C)O)S[C@H]3CCS(=O)C3
23669766,C[C@H]([C@@H]1[C@H]2[C@H]3CCC[C@@H](C3=C(N2C1=O)C(=O)[O-])OC)O.[Na+]
20055543,CC1([C@@H](N2[C@H](S1)[C@@H](C2=O)NC(=O)[C@@H](C3=CC=CC=C3)N)C(=O)OCOC(=O)C(C)(C)C)C.CC1([C@@H](N2[C@H](S1)[C@@H](C2=O)NC(=O)[C@@H](C3=CC=CC=C3)N)C(=O)OCOC(=O)C(C)(C)C)C.C1=CC=C2C(=C1)C=C(C(=C2CC3=C(C(=CC4=CC=CC=C43)C(=O)O)O)O)C(=O)O
41375,CON=C(C1=CC=CO1)C(=O)N[C@H]2[C@@H]3N(C2=O)C(=C(CS3)COC(=O)N)C(=O)O
71452,C[C@H]([C@@H]1[C@H]2[C@H]3CCC[C@@H](C3=C(N2C1=O)C(=O)O)OC)O
6321417,CC(OC(=O)C1=C(CS[C@H]2N1C(=O)[C@H]2NC(=O)/C(=N\OC)/C3=CC=CO3)COC(=O)N)OC(=O)C(C)(C)OC
5748832,CC(C)(C(=O)O)O/N=C(/C1=CSC(=N1)N)\C(=O)N[C@H]2[C@@H]3N(C2=O)C(=C(CS3=O)CSC4=CC=[N+](C=C4)C)C(=O)O
10413379,CC1=NN=C(S1)SCC2=C(N3[C@@H]([C@@H](C3=O)NC(=O)[C@@H](C4=CC=C(C=C4)O)N)SC2)C(=O)O
5282241,C1C=C(N2[C@H](S1)[C@@H](C2=O)NC(=O)/C(=C\CC(=O)O)/C3=CSC(=N3)N)C(=O)O.O.O
9589472,CC(C)(C(=O)O)O/N=C(/C1=CSC(=N1)N)\C(=O)N[C@H]2[C@@H]3N(C2=O)C(=C(CS3=O)CSC4=CC=[N+](C=C4)C)C(=O)O.[Cl-]
9571079,CC1([C@@H](N2[C@H](S1)[C@@H](C2=O)NC(=O)[C@@H](C3=CC=C(C=C3)O)NC(=O)N4CCN(C4=O)/N=C/C5=CC=CO5)C(=O)O)C
2659,CON=C(C1=CC=CO1)C(=O)NC2C3N(C2=O)C(=C(CS3)COC(=O)N)C(=O)O
6914282,CO/N=C(\C1=CC=CO1)/C(=O)N[C@H]2[C@H]3N(C2=O)C(=C(CS3)COC(=O)N)C(=O)O
23663948,C[C@H]1[C@@H](C(=O)N1OCC(=O)[O-])NC(=O)/C(=N\OC)/C2=CSC(=N2)N.[Na+]
6918095,C[C@H]([C@@H]1[C@@H]2N(C1=O)C(=C(S2)S[C@H]3CCS(=O)C3)C(=O)O)O
10248346,CC1([C@@H](N2[C@H](S1)[C@@H](C2=O)NC(=O)CSC3=CC=CC=C3)C(=O)O)C
77843966,CC(C)(C(=O)O)O/N=C(/C1=CSC(=N1)N)\C(=O)N[C@H]2[C@@H]3N(C2=O)C(=C(CS3)C[N+]4(CCCC4)CCNC(=O)C5=C(C(=C(C=C5)O)O)Cl)C(=O)[O-]
6328646,CC(C)(C(=O)O)O/N=C(/C1=CSC(=N1)N)\C(=O)NC2CN(C2=O)C(=O)NS(=O)(=O)N3CCN(C3=O)NC(=O)C4=CC(=O)C(=CN4)O
5492073,C[C@H]1[C@@H](C(=O)N1OCC(=O)OCC(=O)OC(C)(C)C)NC(=O)/C(=N\OC)/C2=CSC(=N2)N
20055356,CC1([C@@H](N2[C@H](S1)[C@@H](C2=O)NC(=O)[C@@H](C3=CC=C(C=C3)O)N=CC4=CC=CO4)C(=O)O)C
23671017,CC1=CC=C(C=C1)OC(=O)[C@H](C2=CSC=C2)C(=O)N[C@H]3[C@@H]4N(C3=O)[C@H](C(S4)(C)C)C(=O)[O-].[Na+]
23674237,CC[C@@H](C(=O)N[C@H]1[C@@H]2N(C1=O)[C@H](C(S2)(C)C)C(=O)[O-])OC3=CC=CC=C3.[K+]
23678597,CC1([C@@H](N2[C@H](S1)[C@@H](C2=O)N3C(=O)[C@H](NC3(C)C)C4=CC=CC=C4)C(=O)[O-])C.[K+]
67173987,CC1=C(N2[C@@H]([C@@H](C2=O)NC(=O)[C@@H](C3=CC=C(C=C3)O)N)SC1)C(=O)O.CC1=C(N2[C@@H]([C@@H](C2=O)NC(=O)[C@@H](C3=CC=C(C=C3)O)N)SC1)C(=O)O.O
9887643,C/C=C\C1=C(N2[C@@H]([C@@H](C2=O)NC(=O)[C@@H](C3=CC=C(C=C3)O)N)SC1)C(=O)O.O
73415792,CCO/N=C(/C1=NSC(=N1)NP(=O)(O)[O-])\C(=O)N[C@H]2[C@@H]3N(C2=O)C(=C(CS3)SC4=NC(=CS4)C5=CC=[N+](C=C5)C)C(=O)O.CC(=O)O.O
9571078,CC(=O)OCC1=C(N2[C@@H]([C@@H](C2=O)NC(=O)/C(=N\OC)/C3=CC=CO3)SC1)C(=O)O
23690298,CO/N=C(/C1=CSC(=N1)N)\C(=O)N[C@H]2[C@@H]3N(C2=O)C(=C(CS3)[C@@H]4CCCO4)C(=O)[O-].[Na+]
56841981,CCO/N=C(/C1=NSC(=N1)NP(=O)(O)O)\C(=O)N[C@H]2[C@@H]3N(C2=O)C(=C(CS3)SC4=NC(=CS4)C5=CC=[N+](C=C5)C)C(=O)O.CC(=O)[O-].O
9979762,CC(C)C[C@H](C(=O)N[C@H]1[C@@H]2N(C1=O)[C@H](C(S2)(C)C)C(=O)O)OC(=O)C3=CC=CO3
10053104,C1CNC(=O)C1O/N=C(/C2=CN=C(S2)N)\C(=O)N[C@H]3[C@@H]4N(C3=O)C(=C(CS4)C[N+]5=CC=CC=C5)C(=O)[O-]
6410757,CC(CO)O.C1C(=C(N2[C@H](S1)[C@@H](C2=O)NC(=O)[C@@H](C3=CC=C(C=C3)O)N)C(=O)O)CSC4=NNN=C4
76972732,[H+].C1C(=C(N2[C@H](S1)[C@@H](C2=O)NC(=O)[C@H](C3=CC=CC=C3)NC(=O)C4=C(NC=N4)C(=O)[O-])C(=O)[O-])C[N+]5=CC=C(C=C5)CCS(=O)(=O)[O-].[Na+]
9690120,CO/N=C(/C1=NSC(=N1)N)\C(=O)N[C@H]2[C@@H]3N(C2=O)C(=C(CS3)C[N+]4=C5C=CC=NN5C=C4)C(=O)[O-].Cl
135804001,C[C@H]1[C@@H](C(=O)N1S(=O)(=O)[O-])NC(=O)/C(=N\OC(C)(C)C(=O)O)/C2=CSC(=[NH+]2)N.C(CCN)C[C@@H](C(=O)O)N
3038477,CC1([C@@H](N2[C@H](S1)[C@@H](C2=O)NC(=O)C(C)(C)OC3=CC=CC=C3)C(=O)O)C
216265,CC(C)C(=O)OCC1=CC(=CC=C1)OC(=O)[C@H]2C(S[C@H]3N2C(=O)[C@H]3NC(=O)CC4=CC=CC=C4)(C)C
3058737,CC1([C@@H](N2[C@H](S1)[C@@H](C2=O)NC(=O)[C@@H](C3=CC=CC=C3)NC(=O)CC4=CC=C(C=C4)C5=NCCCN5)C(=O)O)C
10001337,CC1([C@@H](N2[C@H](S1)[C@@H](C2=O)N3C(=O)[C@H](NC3(C)C)C4=CC=C(C=C4)O)C(=O)O)C
10318432,CC1([C@@H](N2[C@H](S1)[C@@H](C2=O)NC(=O)C34CC5CC(C3)CC(C5)(C4)N)C(=O)O)C
23724984,CC(C)C1=CC2=C(C=C1)[C@]3(CCC[C@@]([C@@H]3CC2)(C)CNCCNC[C@@]4(CCC[C@]5([C@H]4CCC6=C5C=CC(=C6)C(C)C)C)C)C.CC1([C@@H](N2[C@H](S1)[C@@H](C2=O)NC(=O)COC3=CC=CC=C3)C(=O)O)C.CC1([C@@H](N2[C@H](S1)[C@@H](C2=O)NC(=O)COC3=CC=CC=C3)C(=O)O)C
3047855,CC1([C@@H](N2[C@H](S1)[C@@H](C2=O)NC(=O)[C@@H](C3=CC=C(C=C3)O)NC(=O)NC4=CN=C(NC4=O)NC5=CC=C(C=C5)S(=O)(=O)N)C(=O)O)C
118379834,C1CC1(C(=O)O)O/N=C(/C2=CSC(=N2)N)\C(=O)N[C@H]3[C@H](N(C3=O)S(=O)(=O)O)CN4CCOC4=O
11204019,C[C@H]1[C@@H](C(=O)N1S(=O)(=O)O)NC(=O)/C(=N\OC(C)(C)C(=O)O)/C2=CSC(=N2)N.C(CCN)C[C@@H](C(=O)O)N
172994,CC[C@@H](C(=O)N[C@H]1[C@@H]2N(C1=O)[C@H](C(S2)(C)C)C(=O)O)OC3=CC=CC=C3
23663957,CC1([C@@H](N2[C@H](S1)[C@@H](C2=O)NC(=O)[C@@H](C3=CC=CC=C3)NC(=O)C4=CNC5=C(C4=O)N=CC=C5)C(=O)[O-])C.[Na+]
23725047,CC1([C@@H](N2[C@H](S1)[C@@H](C2=O)NC(=O)CSC3=CC=CC=C3)C(=O)[O-])C.[K+]
70687278,CC1([C@@H](N2[C@H](S1)[C@@H](C2=O)NC(=O)C(C3=CC=CC=C3)C(=O)O)C(=O)[O-])C.[K+]
23642298,CCC(CC)C(=O)OCOC(=O)C1=C(S[C@H]2N1C(=O)[C@@H]2[C@@H](C)O)S[C@H]3CC[S@@](=O)C3
23672568,CN1C(=NN=N1)SCC2=C(N3[C@@H]([C@@H](C3=O)NC(=O)[C@@H](C4=CC=CC=C4)O)SC2)C(=O)[O-].[Na+]
71365,CC1([C@@H](N2[C@H](S1)[C@@H](C2=O)NC(=O)CSCC=C)C(=O)O)C
71845,CC1([C@@H](N2[C@H](S1)[C@@H](C2=O)NC(=O)CC3=CC=CC=C3)C(=O)O)C.CC1([C@@H](N2[C@H](S1)[C@@H](C2=O)NC(=O)CC3=CC=CC=C3)C(=O)O)C.C1C(NCC(N1)C2=CC=CC=C2)C3=CC=CC=C3
71978,CC1([C@@H](N2[C@H](S1)[C@@H](C2=O)NC(=O)[C@@H](C3=CC=C(C=C3)O)NC(=O)C4=CC=C(NC4=O)C5=CC=C(C=C5)S(=O)(=O)N(CCO)CCO)C(=O)O)C
6443795,CN1C(=NN=N1)SCC2=C(N3[C@@H]([C@@H](C3=O)NC(=O)CS/C=C\C#N)SC2)C(=O)O
76966299,[H+].CC(C)(C(=O)[O-])O/N=C(/C1=CSC(=N1)N)\C(=O)N[C@H]2[C@@H]3N(C2=O)C(=C(CS3)C[N+]4=CC=CC=C4)C(=O)[O-].Cl.Cl
68683,CC1([C@@H](N2[C@H](S1)[C@@H](C2=O)NC(=O)[C@@H](C3=CC=CC=C3)NC(=O)C(C)(C)OC4=CC=C(C=C4)Cl)C(=O)O)C
21124775,CC1=C(N2[C@@H]([C@@H](C2=O)NC(=O)[C@@H](C3=CCC=CC3)N)SC1)C(=O)O.O
167441,CC(=O)OCC1=C(N2[C@@H]([C@@H](C2=O)NC(=O)CSC3=CC=NC=C3)SC1)C(=O)O.CC(=O)OCC1=C(N2[C@@H]([C@@H](C2=O)NC(=O)CSC3=CC=NC=C3)SC1)C(=O)O.C1=CC=C(C=C1)CNCCNCC2=CC=CC=C2
193956,C1C(=C(N2[C@H](S1)[C@@H](C2=O)NC(=O)CC3=CC=CS3)C(=O)O)CSC4=NC=NN4
193953,CC1=C(N2[C@@H]([C@@H](C2=O)NC(=O)[C@@H](C3=CC(=C(C=C3)O)Cl)N)SC1)C(=O)O
