# pdb_id,num_residues,sequence
159D,8,NCNCNCNC
1EW1,4,TACG
1KF1,22,AGGGTTAGGGTTAGGGTTAGGG
1MP7,10,GCCAGAGAGC
1QZL,7,GCATGCT
1R2O,7,GCATGCT
1VTR,4,ATAT
1XAV,22,TGAGGGTGGGTAGGGTGGGTAA
279D,2,GC
2A5R,24,TGAGGGTGGNGAGGGTGGGGAAGG
2GKU,24,TTGGGTTAGGGTTAGGGTTAGGGA
2HY9,26,AAAGGGTTAGGGTTAGGGTTAGGGAA
2JPZ,26,TTAGGGTTAGGGTTAGGGTTAGGGTT
2JSK,23,TAGGGTTAGGGTTAGNGTTAGGG
2JSL,25,TAGGGTTAGGGTTAGGGTTAGGGTT
2JSM,23,TAGGGTTAGGGTTAGGGTTAGGG
2JSQ,25,TAGGGTTAGGGTTANGGTTAGGGTT
2KH4,4,CTNA
2KKA,23,AGGGTTAGGGTTANGGTTAGGGT
2KM3,22,AGGGCTAGGGCTAGGGCTAGGG
2KQG,21,CGGGCGGGCACGAGGGAGGGT
2KQH,21,CGGGCGGGCGCGAGGGAGGGT
2KYP,21,CGGGCGGGCGCTAGGGAGGGT
2LBY,19,TAGGGAGGGTAGGGAGGGT
2LD8,23,TAGGGTTAGGGTTAGGGTTAGGG
2LEE,19,TAGGGCGGGAGGGAGGGAA
2LOD,22,GGGATGGGACACAGGGGACGGG
2M6W,24,GGGGTTGGGGTTTTGGGGAAGGGG
2M8Z,27,GGTTGGCGCGAAGCATTCGCGGGTTGG
2M92,34,AGGGTGGGTGCTGGGGCGCGAAGCATTCGCGAGG
2MAY,24,TTGNGTTAGGGTTAGGGTTAGGGA
2MB3,24,TTGGGTTAGGGTTAGGGTTAGGGA
2MBJ,27,TTAGGGTTAGGGTTAGGGTTANGGTTA
2MCO,22,AGGGTTAGGGTTAGGGTTAGGG
2MFU,21,TGGGTTTGGGTTGGGTTTGGG
2MGN,24,TGAGGGTGGTGAGGGTGGGGAAGG
2N2D,22,GGGGCCGGGGCCGGGGCCGGNG
2N3M,28,TGGTGGTGGTTGTTGTGGTGGTGGTGGT
2N6C,24,TGAGGGTGGTGAGGGTGGGGAAGG
2O3M,22,AGGGAGGGCGCTGGGAGGAGGG
